search_query,name,gender,join_date_from_earliest,location_size,hourly_rate,pay_grade,avg_rating,num_reviews,num_recommendations,pct_jobs_completed,pct_on_budget,pct_on_time,verification_preferred_freelancer,verification_identity_verified,verification_payment_verified,verification_phone_verified,verification_email_verified,verification_facebook_connected,badge_plus_membership,badge_preferred_freelancer,badge_verified,engineering_skills,writing_skills,technical_programming_skills,language_translation_skills,finance_accounting_skills,management_skills,marketing_business_skills,performance_arts_skills,design_skills,teaching_training_skills,miscellaneous_skills,language_certifications,freelancer_certifications,general_skill_certifications,programming_certifications,top_skill_category,top_skill_category_encoded,top_skill_category_count
2,Tracy,1,7242,0,35,0.0,0.0,0,0,0.0,0.0,0.0,0,1,1,1,0,0,0,0,0,0,2,3,0,4,0,0,0,3,0,2,0,1,0,0,finance_accounting_skills,1,4
2,Michael,0,7416,0,25,0.0,0.0,0,0,0.0,0.0,0.0,0,0,1,1,0,0,0,0,0,0,4,0,1,5,0,1,0,0,0,0,0,0,0,0,finance_accounting_skills,1,5
2,Rebekah,1,7366,4,65,0.0,0.0,0,0,0.0,0.0,0.0,0,0,0,1,0,0,0,0,0,0,0,1,0,9,0,2,0,0,0,0,0,0,0,0,finance_accounting_skills,1,9
0,Nancy,1,7370,2,25,0.0,0.0,0,0,0.0,0.0,0.0,0,0,1,1,0,0,0,0,0,0,0,0,0,4,0,0,0,0,0,0,0,0,0,0,finance_accounting_skills,1,4
0,Robert,0,7474,1,25,0.0,0.0,0,0,0.0,0.0,0.0,0,0,0,0,0,0,0,0,0,0,0,0,0,4,0,0,0,0,0,0,0,0,0,0,finance_accounting_skills,1,4
0,Syedris,0,6241,2,10,0.0,0.0,0,0,0.0,0.0,0.0,0,0,0,1,0,0,0,0,0,0,0,2,5,7,1,4,0,2,0,1,0,0,0,0,finance_accounting_skills,1,7
0,Dawn,1,7291,5,65,0.0,0.0,0,0,0.0,0.0,0.0,0,0,0,1,0,0,0,0,0,0,0,0,0,5,0,0,0,0,1,0,0,0,0,0,finance_accounting_skills,1,5
0,Hannah,1,7448,2,30,0.0,0.0,0,0,0.0,0.0,0.0,0,0,1,1,0,1,0,0,0,0,0,0,0,1,0,0,0,0,0,0,0,0,0,0,finance_accounting_skills,1,1
0,Stacey,1,7435,2,30,0.0,0.0,0,0,0.0,0.0,0.0,0,0,1,0,0,0,1,0,0,0,0,0,0,2,0,0,0,0,0,0,0,0,0,0,finance_accounting_skills,1,2
0,Dalton,0,7414,1,28,0.0,0.0,0,0,0.0,0.0,0.0,0,0,1,1,0,0,0,0,0,0,0,0,0,1,0,0,0,0,0,1,0,0,0,0,finance_accounting_skills,1,1
0,Glynnis,1,6276,1,15,0.0,0.0,0,1,0.0,0.0,0.0,0,0,0,1,0,1,0,0,0,0,0,5,3,6,1,2,0,2,0,1,0,0,0,0,finance_accounting_skills,1,6
0,Oddailin,1,6706,5,40,0.0,0.0,0,0,0.0,0.0,0.0,0,0,0,0,0,0,0,0,0,0,0,0,0,1,0,0,0,0,0,0,0,0,0,0,finance_accounting_skills,1,1
0,Yurleidis,1,7518,5,45,0.0,0.0,0,0,0.0,0.0,0.0,0,0,1,0,0,0,1,0,0,0,0,0,0,5,0,0,0,0,0,0,0,0,0,0,finance_accounting_skills,1,5
0,Elizabeth,1,7540,2,30,0.0,0.0,0,0,0.0,0.0,0.0,0,0,0,1,0,0,0,0,0,0,0,0,0,1,0,0,0,0,0,0,0,0,0,0,finance_accounting_skills,1,1
0,Kim,1,5684,1,50,0.0,0.0,0,0,0.0,0.0,0.0,0,0,0,1,0,0,0,0,0,0,0,2,0,7,0,1,0,0,0,0,0,0,0,0,finance_accounting_skills,1,7
0,Lisa,1,7416,0,55,0.0,0.0,0,0,0.0,0.0,0.0,0,0,0,0,0,0,0,0,0,0,0,0,0,10,1,0,0,0,1,1,0,0,0,0,finance_accounting_skills,1,10
0,Kandregula,1,7340,0,15,0.0,0.0,0,0,0.0,0.0,0.0,0,0,0,0,0,0,0,0,0,0,0,0,0,1,0,0,0,0,0,0,0,0,0,0,finance_accounting_skills,1,1
0,Kate,1,7416,0,50,0.0,0.0,0,0,0.0,0.0,0.0,0,0,0,0,0,0,0,0,0,0,0,0,0,11,0,0,0,0,2,0,0,0,0,0,finance_accounting_skills,1,11
0,Niki,1,7428,0,40,0.0,0.0,0,0,0.0,0.0,0.0,0,0,1,1,0,1,1,0,0,0,0,1,1,2,0,0,0,0,0,0,0,0,0,0,finance_accounting_skills,1,2
0,Agustina,1,7398,1,40,0.0,0.0,0,0,0.0,0.0,0.0,0,0,1,0,0,1,0,0,0,0,0,1,1,8,2,0,0,0,0,2,0,0,0,0,finance_accounting_skills,1,8
0,Jemimah,1,7549,5,20,0.0,0.0,0,0,0.0,0.0,0.0,0,0,0,0,0,0,0,0,0,0,0,0,0,1,0,0,0,0,0,0,0,0,0,0,finance_accounting_skills,1,1
0,Mehul,0,7557,2,20,0.0,0.0,0,0,0.0,0.0,0.0,0,0,1,0,0,0,1,0,0,0,0,0,0,4,0,0,0,0,0,0,0,0,0,0,finance_accounting_skills,1,4
0,Brad,0,6849,0,200,0.0,0.0,0,0,0.0,0.0,0.0,0,0,0,1,0,1,0,0,0,0,0,1,0,6,1,0,0,0,0,0,0,0,0,0,finance_accounting_skills,1,6
0,Yang,1,6731,1,25,1.8,0.0,0,0,100.0,0.0,0.0,0,0,1,1,0,1,0,0,0,0,0,1,1,2,0,0,0,0,0,0,0,0,0,0,finance_accounting_skills,1,2
0,Moath,0,7376,4,25,0.0,0.0,0,0,0.0,0.0,0.0,0,0,0,0,0,0,0,0,0,0,0,0,0,1,0,0,0,0,0,0,0,0,0,0,finance_accounting_skills,1,1
0,Doris,1,7238,4,50,0.0,0.0,0,0,0.0,0.0,0.0,0,0,0,1,0,0,0,0,0,0,0,0,0,7,0,5,0,0,0,1,0,0,0,0,finance_accounting_skills,1,7
0,Md,0,7283,1,25,0.0,0.0,0,0,0.0,0.0,0.0,0,0,1,1,0,0,0,0,0,0,0,3,0,5,1,2,0,0,0,2,0,0,0,0,finance_accounting_skills,1,5
0,Payton,1,7174,5,50,0.0,0.0,0,0,0.0,0.0,0.0,0,0,0,0,0,0,0,0,0,0,0,2,0,9,0,0,0,0,0,1,0,0,0,0,finance_accounting_skills,1,9
0,Marie,1,7353,1,20,0.0,0.0,0,0,0.0,0.0,0.0,0,0,1,0,0,0,0,0,0,0,4,0,0,8,1,1,0,0,1,1,0,0,0,0,finance_accounting_skills,1,8
0,Ethel,1,6981,4,75,0.0,0.0,0,0,0.0,0.0,0.0,0,1,1,1,0,1,0,0,0,0,0,0,0,10,1,3,0,0,0,1,0,0,0,0,finance_accounting_skills,1,10
0,Michelle,1,6137,4,50,0.0,0.0,0,0,0.0,0.0,0.0,0,0,0,1,0,0,0,0,0,0,0,4,0,7,0,2,0,1,0,0,1,0,1,0,finance_accounting_skills,1,7
0,Louisa,1,5177,2,20,0.0,0.0,0,0,0.0,0.0,0.0,0,0,1,1,0,1,0,0,0,0,0,2,2,5,0,0,0,0,1,1,1,0,0,0,finance_accounting_skills,1,5
0,Humaid,0,6129,5,12,0.0,0.0,0,0,0.0,0.0,0.0,0,0,1,1,0,0,0,0,0,0,3,3,0,6,0,1,0,3,1,0,0,0,0,0,finance_accounting_skills,1,6
0,Heather,1,7298,2,30,0.0,0.0,0,0,0.0,0.0,0.0,0,0,1,1,0,1,0,0,0,0,2,2,0,7,0,3,0,0,2,1,0,0,1,0,finance_accounting_skills,1,7
0,Andrea,1,7454,0,15,0.0,0.0,0,0,0.0,0.0,0.0,0,0,0,1,0,1,0,0,0,0,0,1,4,5,0,0,0,0,0,0,0,0,0,0,finance_accounting_skills,1,5
0,Claudemir,0,7320,5,75,0.0,0.0,0,0,0.0,0.0,0.0,0,0,0,1,0,0,0,0,0,0,0,0,0,5,0,0,0,0,0,0,0,0,0,0,finance_accounting_skills,1,5
0,Mateo,0,7409,2,25,0.0,0.0,0,0,0.0,0.0,0.0,0,0,1,0,0,0,0,0,0,0,0,1,0,4,0,0,0,0,0,0,0,0,0,0,finance_accounting_skills,1,4
0,Bk,0,7360,1,50,0.0,0.0,0,0,0.0,0.0,0.0,0,0,1,1,0,0,0,0,0,0,0,0,0,6,0,0,0,0,0,1,0,0,0,0,finance_accounting_skills,1,6
0,Domonique,1,7463,1,30,0.0,0.0,0,0,0.0,0.0,0.0,0,0,1,1,0,0,0,0,0,0,0,0,0,9,0,0,0,0,1,1,0,0,0,0,finance_accounting_skills,1,9
0,Ronke,1,6573,1,100,0.0,0.0,0,0,0.0,0.0,0.0,0,0,0,1,0,0,0,0,0,0,0,1,0,4,1,0,0,0,0,0,0,0,0,0,finance_accounting_skills,1,4
0,Amanda,1,6524,0,40,0.0,0.0,0,0,0.0,0.0,0.0,0,0,0,1,0,1,0,0,0,0,0,0,0,5,2,2,0,0,0,0,0,0,0,0,finance_accounting_skills,1,5
0,Carlton,0,7267,4,105,0.0,0.0,0,0,0.0,0.0,0.0,0,0,1,1,0,0,0,0,0,0,0,3,0,6,0,4,0,0,1,0,0,0,0,0,finance_accounting_skills,1,6
0,Hue,0,5533,2,50,0.0,0.0,0,0,0.0,0.0,0.0,0,0,0,1,0,1,0,0,0,0,0,0,0,3,0,0,0,0,0,1,0,0,0,0,finance_accounting_skills,1,3
0,Shineeza,1,7537,5,40,0.0,0.0,0,0,0.0,0.0,0.0,0,1,0,1,0,1,0,0,1,0,0,2,0,3,0,0,0,0,0,1,0,0,0,0,finance_accounting_skills,1,3
0,Helga,1,6658,4,10,1.4,5.0,1,0,100.0,100.0,100.0,0,0,1,1,0,0,0,0,0,0,0,1,0,3,0,2,0,1,0,4,0,0,0,0,finance_accounting_skills,1,3
0,Noelle,1,7376,2,35,0.0,0.0,0,0,0.0,0.0,0.0,0,0,0,0,0,0,0,0,0,0,0,0,0,5,0,0,0,0,0,0,0,0,0,0,finance_accounting_skills,1,5
0,Jamie,1,7495,2,20,0.0,0.0,0,0,0.0,0.0,0.0,0,0,0,0,0,0,0,0,0,0,0,1,0,4,1,1,0,0,1,1,0,0,0,0,finance_accounting_skills,1,4
0,Mike,0,7461,3,30,0.0,0.0,0,0,0.0,0.0,0.0,0,0,1,0,0,0,0,0,0,0,0,1,0,8,1,2,0,0,1,0,0,0,0,0,finance_accounting_skills,1,8
0,Luke,0,7362,2,125,0.0,0.0,0,0,0.0,0.0,0.0,0,0,1,0,0,0,0,0,0,0,0,0,0,3,0,0,0,0,0,0,0,0,0,0,finance_accounting_skills,1,3
0,AMaul,0,7491,5,15,0.0,0.0,0,0,0.0,0.0,0.0,0,0,1,0,0,1,0,0,0,0,0,0,0,4,0,2,0,0,0,0,0,0,0,0,finance_accounting_skills,1,4
0,Rick,0,7464,5,60,0.0,0.0,0,0,0.0,0.0,0.0,0,0,0,0,0,0,0,0,0,0,0,1,0,6,2,2,0,0,0,2,0,0,0,0,finance_accounting_skills,1,6
0,Giovanni,0,7443,1,25,0.0,0.0,0,0,0.0,0.0,0.0,0,0,0,0,0,0,0,0,0,0,0,2,0,8,0,0,0,0,1,1,0,0,0,0,finance_accounting_skills,1,8
0,Hoyt,0,6698,1,150,0.0,0.0,0,0,0.0,0.0,0.0,0,1,1,1,0,0,0,0,0,0,1,0,0,4,0,4,0,0,0,1,0,0,0,0,finance_accounting_skills,1,4
0,Surender,0,6512,1,30,0.0,0.0,0,0,0.0,0.0,0.0,0,0,0,1,0,0,0,0,0,0,0,0,0,3,0,0,0,0,0,0,0,0,0,0,finance_accounting_skills,1,3
0,Michael,0,7464,0,30,0.0,0.0,0,0,0.0,0.0,0.0,0,0,0,0,0,0,0,0,0,0,0,1,0,6,2,2,0,0,0,2,0,0,0,0,finance_accounting_skills,1,6
0,Shawnda,1,7020,4,40,0.0,0.0,0,0,0.0,0.0,0.0,0,0,0,1,0,0,0,0,0,0,0,0,0,7,0,0,0,0,0,2,0,0,0,0,finance_accounting_skills,1,7
0,Jenieva,1,5567,4,50,0.0,0.0,0,0,0.0,0.0,0.0,0,0,1,1,0,0,0,0,0,0,0,0,0,3,0,0,0,0,0,0,0,0,0,0,finance_accounting_skills,1,3
0,Melissa,1,7566,2,25,0.0,0.0,0,0,0.0,0.0,0.0,0,0,1,0,0,0,0,0,0,0,0,1,0,3,0,1,0,0,0,0,0,0,0,0,finance_accounting_skills,1,3
0,Mohsin,0,7516,1,75,0.0,0.0,0,0,0.0,0.0,0.0,0,0,0,0,0,0,0,0,0,0,0,0,0,4,0,1,0,0,0,0,0,0,0,0,finance_accounting_skills,1,4
0,"['Business', 'Management']",0,7566,2,10,0.0,0.0,0,0,0.0,0.0,0.0,0,0,0,1,0,0,0,0,0,0,0,1,0,11,2,4,0,0,1,0,0,0,0,0,finance_accounting_skills,1,11
0,Reginald,0,7320,0,25,0.0,0.0,0,0,0.0,0.0,0.0,0,0,1,1,0,1,0,0,0,0,0,0,0,4,0,0,0,0,0,0,0,0,0,0,finance_accounting_skills,1,4
0,Jennifer,1,7559,2,45,0.0,0.0,0,0,0.0,0.0,0.0,0,0,0,0,0,1,0,0,0,0,0,0,0,2,0,0,0,0,0,0,0,0,0,0,finance_accounting_skills,1,2
0,Devon,0,4352,1,50,0.0,0.0,0,0,0.0,0.0,0.0,0,0,0,1,0,1,0,0,0,0,0,1,0,6,0,1,0,0,0,0,0,0,0,0,finance_accounting_skills,1,6
0,Freddy,0,7380,5,20,0.0,0.0,0,0,0.0,0.0,0.0,0,0,1,1,0,0,0,0,0,0,0,0,0,5,0,0,0,0,0,1,0,0,0,0,finance_accounting_skills,1,5
0,Tatiana,1,5978,1,99,5.7,5.0,28,3,100.0,100.0,95.0,1,1,1,1,0,1,1,1,1,0,3,0,1,8,0,3,0,0,0,2,1,1,1,0,finance_accounting_skills,1,8
0,Madison,1,7328,2,50,0.0,0.0,0,0,0.0,0.0,0.0,0,0,1,0,0,0,0,0,0,0,0,1,0,3,0,1,0,2,1,0,0,0,0,0,finance_accounting_skills,1,3
0,Jonathan,0,7388,4,30,0.0,0.0,0,0,0.0,0.0,0.0,0,0,1,0,0,1,0,0,0,0,0,0,0,5,0,0,0,0,0,0,0,0,0,0,finance_accounting_skills,1,5
0,Jane-Ann,1,7293,0,20,0.0,0.0,0,0,0.0,0.0,0.0,0,0,1,1,0,0,0,0,0,0,0,0,0,7,0,1,0,0,0,0,0,0,0,0,finance_accounting_skills,1,7
0,Kelly,1,6728,2,30,0.0,0.0,0,0,0.0,0.0,0.0,0,0,1,1,0,0,0,0,0,0,0,0,0,3,0,0,0,0,0,0,0,0,0,0,finance_accounting_skills,1,3
0,Sondra,1,6817,5,2,0.0,0.0,0,0,0.0,0.0,0.0,0,0,1,1,0,0,0,0,0,0,0,0,0,2,0,2,0,0,0,0,0,0,0,0,finance_accounting_skills,1,2
0,Syd,0,6642,5,50,0.0,0.0,0,0,0.0,0.0,0.0,0,0,1,1,0,0,0,0,0,0,0,1,1,7,1,0,0,0,0,0,0,0,0,0,finance_accounting_skills,1,7
0,Brian,0,7486,1,23,0.0,0.0,0,0,0.0,0.0,0.0,0,0,0,0,0,0,0,0,0,0,0,0,0,4,0,0,0,0,0,0,0,0,0,0,finance_accounting_skills,1,4
0,Beverly,1,7518,2,30,0.0,0.0,0,0,0.0,0.0,0.0,0,0,0,0,0,0,0,0,0,0,0,0,0,5,0,0,0,0,1,1,0,0,0,0,finance_accounting_skills,1,5
0,Alejandra,1,5461,1,30,0.0,0.0,0,0,0.0,0.0,0.0,0,0,1,1,0,1,0,0,0,0,1,3,1,5,1,3,0,1,0,3,0,0,0,0,finance_accounting_skills,1,5
0,Evelyn,1,7556,2,35,0.0,0.0,0,0,0.0,0.0,0.0,0,0,1,1,0,0,0,0,0,0,0,0,0,2,0,0,0,0,0,0,0,0,0,0,finance_accounting_skills,1,2
0,David,0,7375,1,35,0.0,0.0,0,0,0.0,0.0,0.0,0,0,1,0,0,0,0,0,0,0,0,1,0,4,0,3,0,0,0,0,0,0,0,0,finance_accounting_skills,1,4
0,Mujeeb,0,7198,0,80,0.0,0.0,0,0,0.0,0.0,0.0,0,0,0,1,0,1,0,0,0,0,0,0,0,8,1,3,0,0,1,0,0,0,0,0,finance_accounting_skills,1,8
0,Cheyenne,1,7490,1,30,0.0,0.0,0,0,0.0,0.0,0.0,0,0,1,1,0,0,0,0,0,0,0,0,0,4,0,0,0,0,0,1,0,0,0,0,finance_accounting_skills,1,4
0,Juan,0,5395,1,8,0.0,0.0,0,0,0.0,0.0,0.0,0,0,1,1,0,1,0,0,0,0,0,2,0,3,0,0,0,0,0,1,0,0,0,0,finance_accounting_skills,1,3
0,Angel,0,7510,5,35,0.0,0.0,0,0,0.0,0.0,0.0,0,0,0,1,0,0,0,0,0,0,0,0,0,3,0,0,0,0,0,0,0,0,0,0,finance_accounting_skills,1,3
0,Roselen,1,7396,2,25,0.0,0.0,0,0,0.0,0.0,0.0,0,0,0,1,0,0,0,0,0,0,0,1,0,9,0,1,0,0,0,0,0,0,0,0,finance_accounting_skills,1,9
0,fkoenigs,0,7370,4,18,0.0,0.0,0,0,0.0,0.0,0.0,0,0,1,0,0,0,0,0,0,0,2,2,0,4,0,1,1,0,0,1,0,0,0,0,finance_accounting_skills,1,4
0,Tommy,0,5976,5,20,0.0,0.0,0,0,0.0,0.0,0.0,0,1,1,1,0,0,0,0,0,0,0,0,0,1,0,0,0,0,0,0,0,0,0,0,finance_accounting_skills,1,1
0,Fabiola,1,6987,2,100,0.0,0.0,0,0,0.0,0.0,0.0,0,1,0,1,0,0,0,0,0,0,0,0,0,11,0,3,0,0,0,0,0,0,0,0,finance_accounting_skills,1,11
0,Laura,1,7381,0,50,0.0,0.0,0,0,0.0,0.0,0.0,0,0,0,1,0,0,0,0,0,0,0,1,0,6,0,1,0,0,2,1,0,0,0,0,finance_accounting_skills,1,6
0,Connie,1,6502,4,50,0.0,0.0,0,0,0.0,0.0,0.0,0,0,0,1,0,0,0,0,0,0,0,3,0,4,0,0,0,0,0,1,0,0,0,0,finance_accounting_skills,1,4
0,Veronica,1,7464,3,200,0.0,0.0,0,0,0.0,0.0,0.0,0,0,0,0,0,0,0,0,0,0,0,1,0,6,2,2,0,0,0,2,0,0,0,0,finance_accounting_skills,1,6
0,Dat,0,5634,1,25,0.0,0.0,0,0,0.0,0.0,0.0,0,0,1,1,0,0,0,0,0,0,0,2,0,5,0,0,0,0,0,1,0,0,0,0,finance_accounting_skills,1,5
0,Reinier,0,5899,0,100,0.0,0.0,0,0,0.0,0.0,0.0,0,0,0,0,0,0,0,0,0,0,0,0,0,4,0,0,0,0,0,0,0,0,0,0,finance_accounting_skills,1,4
0,Edgarexander,0,7385,1,16,0.0,0.0,0,0,0.0,0.0,0.0,0,0,1,0,0,1,0,0,0,0,0,6,0,7,1,3,0,0,0,0,0,0,0,0,finance_accounting_skills,1,7
0,Susweta,1,6954,4,10,0.0,5.0,1,1,100.0,100.0,100.0,0,1,1,1,0,1,0,0,0,0,0,0,0,12,0,0,0,0,0,0,1,0,1,0,finance_accounting_skills,1,12
0,Olena,1,7502,1,55,0.0,0.0,0,0,0.0,0.0,0.0,0,0,1,0,0,0,0,0,0,0,0,0,0,2,0,0,0,0,0,0,0,0,0,0,finance_accounting_skills,1,2
0,Joan,1,5387,0,35,0.0,0.0,0,0,0.0,0.0,0.0,0,0,0,1,0,1,0,0,0,0,0,2,0,3,0,0,0,0,0,0,1,0,0,0,finance_accounting_skills,1,3
0,Ruany,1,7382,2,40,0.0,0.0,0,0,0.0,0.0,0.0,0,0,0,1,0,1,0,0,0,0,0,3,0,11,0,1,0,0,0,0,0,0,0,0,finance_accounting_skills,1,11
0,Khalid,0,7313,1,25,0.0,0.0,0,0,0.0,0.0,0.0,0,0,0,1,0,1,0,0,0,0,0,0,0,3,0,0,0,0,0,0,0,0,0,0,finance_accounting_skills,1,3
0,Jason,0,6628,1,250,4.4,5.0,5,0,100.0,100.0,100.0,0,1,1,1,0,0,0,0,0,0,0,0,0,3,0,0,0,0,0,3,1,0,0,0,finance_accounting_skills,1,3
0,Shauntrice,1,7285,0,35,0.0,0.0,0,0,0.0,0.0,0.0,0,0,0,0,0,0,0,0,0,0,0,0,0,5,0,1,0,0,0,0,0,0,0,0,finance_accounting_skills,1,5
0,Zulqadar,0,6110,0,35,0.0,0.0,0,1,0.0,0.0,0.0,0,0,0,1,0,0,0,0,0,0,0,1,0,10,2,3,0,0,0,3,0,0,0,0,finance_accounting_skills,1,10
0,Muneeb,0,7380,0,25,0.0,0.0,0,0,0.0,0.0,0.0,0,0,0,0,0,0,0,0,0,0,0,0,0,9,0,1,0,0,0,0,0,0,0,0,finance_accounting_skills,1,9
0,Adnan,0,7449,1,250,0.0,0.0,0,0,0.0,0.0,0.0,0,0,0,0,0,0,0,0,0,0,0,0,0,6,0,2,0,0,0,0,0,0,0,0,finance_accounting_skills,1,6
0,Dewaine,0,7558,0,48,0.0,0.0,0,0,0.0,0.0,0.0,0,0,1,1,0,0,0,0,0,0,0,0,0,2,0,0,0,0,0,0,0,0,0,0,finance_accounting_skills,1,2
0,Cinssaint,0,7245,1,25,0.0,0.0,0,0,0.0,0.0,0.0,0,0,0,0,0,0,0,0,0,0,0,1,0,4,0,2,0,0,0,0,0,0,0,0,finance_accounting_skills,1,4
0,SyedH.,0,4795,1,27,0.0,0.0,0,0,0.0,0.0,0.0,0,0,0,1,0,0,0,0,0,0,0,1,0,3,0,3,0,0,0,0,0,0,0,0,finance_accounting_skills,1,3
0,Jose,0,7464,1,75,0.0,0.0,0,0,0.0,0.0,0.0,0,0,0,0,0,0,0,0,0,0,0,1,0,5,2,1,0,0,0,2,0,0,0,0,finance_accounting_skills,1,5
0,Patrick,0,7473,5,25,0.0,0.0,0,0,0.0,0.0,0.0,0,0,0,0,0,0,0,0,0,0,0,1,0,6,1,1,0,0,0,0,0,0,0,0,finance_accounting_skills,1,6
0,Eugene,0,6557,3,55,0.0,0.0,0,0,0.0,0.0,0.0,0,0,1,1,0,0,0,0,0,0,0,2,0,6,1,3,0,0,1,0,0,0,0,0,finance_accounting_skills,1,6
0,Gennaro,0,7515,5,20,0.0,0.0,0,0,0.0,0.0,0.0,0,0,0,0,0,0,0,0,0,0,1,1,0,3,0,2,0,0,0,0,0,0,0,0,finance_accounting_skills,1,3
0,Shequila,1,4948,4,30,0.0,0.0,0,0,0.0,0.0,0.0,0,0,1,1,0,0,0,0,0,0,0,5,0,8,0,2,0,0,0,2,0,0,0,0,finance_accounting_skills,1,8
0,Mariarnanda,1,7551,5,30,0.0,0.0,0,0,0.0,0.0,0.0,0,0,0,0,0,0,0,0,0,0,0,0,0,1,0,0,0,0,0,0,0,0,0,0,finance_accounting_skills,1,1
0,Aslam,0,7424,0,30,0.0,0.0,0,0,0.0,0.0,0.0,0,0,0,0,0,0,0,0,0,0,0,1,0,2,0,0,0,0,0,0,0,0,0,0,finance_accounting_skills,1,2
0,Maurice,0,7558,1,20,0.0,0.0,0,0,0.0,0.0,0.0,0,0,1,0,0,0,1,0,0,0,3,0,0,7,0,1,0,0,1,0,0,0,0,0,finance_accounting_skills,1,7
0,Boma,0,7011,5,85,0.0,0.0,0,0,0.0,0.0,0.0,0,0,1,1,0,0,0,0,0,0,0,3,0,5,0,2,0,0,0,2,0,0,0,0,finance_accounting_skills,1,5
0,Larry,0,6119,1,60,0.0,0.0,0,0,0.0,0.0,0.0,0,0,0,1,0,0,0,0,0,0,0,2,0,6,0,0,0,0,0,2,0,0,0,0,finance_accounting_skills,1,6
0,Tamoy,0,7457,2,20,0.0,0.0,0,0,0.0,0.0,0.0,0,0,0,0,0,0,0,0,0,0,0,0,0,1,0,0,0,0,0,0,0,0,0,0,finance_accounting_skills,1,1
0,Rupali,1,6264,0,25,0.0,0.0,0,0,0.0,0.0,0.0,0,0,0,0,0,0,0,0,0,0,0,0,0,4,0,0,0,0,0,0,0,0,0,0,finance_accounting_skills,1,4
0,John,0,5371,0,25,0.0,0.0,0,0,0.0,0.0,0.0,0,1,0,1,0,1,0,0,0,1,2,2,0,4,0,2,0,0,0,0,0,0,0,0,finance_accounting_skills,1,4
0,Musyoka,0,6248,0,40,0.0,0.0,0,0,0.0,0.0,0.0,0,0,0,1,0,0,0,0,0,0,1,0,0,4,0,1,0,0,0,0,0,0,0,0,finance_accounting_skills,1,4
0,Carlos,0,4618,0,10,0.0,0.0,0,0,0.0,0.0,0.0,0,1,1,1,0,1,0,0,0,0,0,5,1,6,1,1,0,1,0,2,0,0,0,0,finance_accounting_skills,1,6
0,Matthew,0,7409,1,25,0.0,0.0,0,0,0.0,0.0,0.0,0,0,1,0,0,0,0,0,0,0,0,1,0,8,0,1,0,0,0,0,0,0,0,0,finance_accounting_skills,1,8
0,Alex,0,7367,5,75,0.0,0.0,0,0,0.0,0.0,0.0,0,0,0,0,0,1,0,0,0,0,0,0,0,4,1,1,0,0,0,1,0,0,0,0,finance_accounting_skills,1,4
0,Daniasha,1,7512,0,30,0.0,0.0,0,0,0.0,0.0,0.0,0,0,1,0,0,0,1,0,0,0,0,0,0,4,0,0,0,0,0,0,0,0,0,0,finance_accounting_skills,1,4
0,Cassandra,1,7355,3,35,0.0,0.0,0,0,0.0,0.0,0.0,0,0,0,0,0,0,0,0,0,0,0,2,0,7,0,1,0,0,0,0,0,0,0,0,finance_accounting_skills,1,7
0,Daniel,0,7566,2,25,0.0,0.0,0,0,0.0,0.0,0.0,0,0,1,1,0,0,0,0,0,0,0,2,0,3,0,0,0,0,0,0,0,0,0,0,finance_accounting_skills,1,3
0,Marisol,1,6535,2,30,0.0,0.0,0,0,0.0,0.0,0.0,0,0,0,1,0,0,0,0,0,0,0,4,0,9,1,2,0,0,0,0,0,0,0,0,finance_accounting_skills,1,9
0,Ahmed,0,6758,5,10,0.0,0.0,0,0,0.0,0.0,0.0,0,0,1,1,0,0,0,0,0,0,0,4,0,5,0,1,0,0,0,0,0,0,0,0,finance_accounting_skills,1,5
0,Nikita,0,6952,2,30,0.0,0.0,0,0,0.0,0.0,0.0,0,0,0,1,0,0,0,0,0,0,0,0,0,13,1,2,0,0,0,0,0,0,0,0,finance_accounting_skills,1,13
0,Brittany,1,7391,5,20,0.0,0.0,0,0,0.0,0.0,0.0,0,0,0,0,0,0,0,0,0,0,0,0,0,2,0,0,0,0,0,0,0,0,0,0,finance_accounting_skills,1,2
0,Ehsan,0,7544,1,28,0.0,0.0,0,0,0.0,0.0,0.0,0,0,0,0,0,0,0,0,0,0,0,0,0,2,0,0,0,0,0,0,0,0,0,0,finance_accounting_skills,1,2
0,May,1,7422,0,10,0.0,0.0,0,0,0.0,0.0,0.0,0,0,0,0,0,0,0,0,0,0,0,0,0,1,0,0,0,0,0,0,0,0,0,0,finance_accounting_skills,1,1
0,Jessica,1,7228,0,100,0.0,0.0,0,0,0.0,0.0,0.0,0,0,0,1,0,0,0,0,0,0,0,3,0,8,2,1,0,0,1,2,0,0,0,0,finance_accounting_skills,1,8
0,"['Thant', 'Phyu']",0,7493,1,10,0.0,0.0,0,0,0.0,0.0,0.0,0,0,0,0,0,0,0,0,0,0,0,1,0,2,0,2,0,0,0,0,0,0,0,0,finance_accounting_skills,1,2
0,Michael,0,5604,2,25,0.0,0.0,0,0,0.0,0.0,0.0,0,0,1,1,0,0,0,0,0,0,0,0,0,7,2,1,0,0,0,0,1,0,0,0,finance_accounting_skills,1,7
0,"['Nanda', 'Kishore']",1,4865,0,18,0.0,0.0,0,0,0.0,0.0,0.0,0,0,0,0,0,0,0,0,0,0,1,2,0,3,0,1,0,0,0,1,0,0,0,0,finance_accounting_skills,1,3
0,Harshjendra,0,5272,2,30,0.0,0.0,0,0,0.0,0.0,0.0,0,1,0,1,0,0,0,0,0,0,0,0,0,9,0,1,0,0,0,0,0,0,0,0,finance_accounting_skills,1,9
0,Jada,1,7411,2,25,0.0,0.0,0,0,0.0,0.0,0.0,0,0,0,0,0,0,0,0,0,0,0,4,0,6,0,2,0,0,0,1,0,0,0,0,finance_accounting_skills,1,6
0,Chelsie,1,7461,1,30,0.0,0.0,0,0,0.0,0.0,0.0,0,0,0,0,0,0,0,0,0,0,0,0,0,5,0,1,0,0,1,1,0,0,0,0,finance_accounting_skills,1,5
0,Johny,0,7406,1,50,0.0,0.0,0,0,0.0,0.0,0.0,0,0,0,1,0,0,0,0,0,0,0,0,0,3,0,0,0,0,0,0,0,0,0,0,finance_accounting_skills,1,3
0,Tiffany,1,7368,1,35,0.0,0.0,0,0,0.0,0.0,0.0,0,0,1,0,0,1,0,0,0,0,0,0,0,1,0,0,0,0,0,1,0,0,0,0,finance_accounting_skills,1,1
0,Evgenia,1,3399,1,25,0.0,0.0,0,0,0.0,0.0,0.0,0,0,0,1,0,0,0,0,0,0,0,0,0,8,1,0,0,0,1,1,1,0,0,0,finance_accounting_skills,1,8
0,Logeswari,0,6538,4,10,4.0,5.0,8,0,100.0,93.0,41.0,0,1,1,1,0,0,1,0,0,0,1,3,0,7,0,1,0,1,0,2,0,0,0,0,finance_accounting_skills,1,7
0,Wanda,1,6681,2,40,0.0,0.0,0,0,0.0,0.0,0.0,0,0,1,1,0,0,0,0,0,0,0,0,0,6,0,0,0,0,0,0,0,0,0,0,finance_accounting_skills,1,6
0,George,0,4918,0,75,5.3,5.0,5,1,100.0,100.0,100.0,0,1,0,1,0,1,0,0,0,0,0,1,0,9,0,1,0,0,0,0,1,0,0,0,finance_accounting_skills,1,9
0,Nike,1,5290,0,39,0.0,0.0,0,0,0.0,0.0,0.0,0,0,1,1,0,0,0,0,0,0,0,0,0,2,0,0,0,0,0,0,0,0,0,0,finance_accounting_skills,1,2
0,Farhana,1,5873,2,150,0.0,0.0,0,0,0.0,0.0,0.0,0,0,0,1,0,0,0,0,0,0,0,0,0,1,2,1,0,0,0,1,0,0,0,0,finance_accounting_skills,1,1
0,Kimberly,1,6604,2,30,0.0,0.0,0,0,0.0,0.0,0.0,0,0,0,1,0,0,0,0,0,0,0,0,0,1,0,0,0,0,0,0,0,0,0,0,finance_accounting_skills,1,1
0,Tina,1,7536,2,60,0.0,0.0,0,0,0.0,0.0,0.0,0,0,1,1,0,1,0,0,0,0,0,0,0,2,0,0,0,0,0,0,0,0,0,0,finance_accounting_skills,1,2
0,Elaine,1,7509,1,30,0.0,0.0,0,0,0.0,0.0,0.0,0,0,0,1,0,0,0,0,0,0,0,0,0,1,0,0,0,0,0,0,0,0,0,0,finance_accounting_skills,1,1
0,Susanne,1,6528,4,35,0.0,0.0,0,0,0.0,0.0,0.0,0,0,1,1,0,0,0,0,0,0,0,0,0,3,0,0,0,0,0,1,0,0,0,0,finance_accounting_skills,1,3
0,Martina,1,5746,1,25,0.0,0.0,0,1,0.0,0.0,0.0,0,0,1,1,0,0,0,0,0,0,0,0,0,5,0,1,0,0,0,0,0,0,0,0,finance_accounting_skills,1,5
0,Hunter,0,7276,0,15,0.0,0.0,0,0,0.0,0.0,0.0,0,0,1,1,0,0,0,0,0,0,0,0,0,2,0,0,0,0,0,1,0,0,0,0,finance_accounting_skills,1,2
0,Tim,0,5234,3,40,0.0,0.0,0,0,0.0,0.0,0.0,0,0,1,1,0,1,0,0,0,0,1,2,0,3,0,1,0,0,1,0,0,0,0,0,finance_accounting_skills,1,3
0,Jessica,1,7142,0,25,0.0,0.0,0,0,0.0,0.0,0.0,0,0,0,1,0,0,0,0,0,0,0,5,0,7,2,2,0,0,1,2,0,0,0,0,finance_accounting_skills,1,7
0,Theresa,1,7578,1,95,0.0,0.0,0,0,0.0,0.0,0.0,0,0,0,1,0,0,0,0,0,0,0,0,0,6,0,1,0,0,0,0,0,0,0,0,finance_accounting_skills,1,6
0,Keith,0,6204,1,15,0.0,0.0,0,0,0.0,0.0,0.0,0,0,0,1,0,1,0,0,0,0,0,1,0,3,0,1,0,0,0,0,0,0,0,0,finance_accounting_skills,1,3
0,Dakotah,0,7329,4,30,0.0,0.0,0,0,0.0,0.0,0.0,0,0,0,0,0,0,0,0,0,0,0,0,0,5,1,1,0,0,1,0,0,0,0,0,finance_accounting_skills,1,5
0,Rosalie,1,5800,5,50,0.0,0.0,0,0,0.0,0.0,0.0,0,0,0,1,0,0,0,0,0,0,3,1,0,4,1,3,0,1,1,1,0,0,0,0,finance_accounting_skills,1,4
0,Daniel,0,7489,2,50,0.0,0.0,0,0,0.0,0.0,0.0,0,0,1,1,0,1,0,0,0,0,0,1,0,9,0,2,0,0,0,0,0,0,0,0,finance_accounting_skills,1,9
0,Jeffreyrk,0,5813,5,445,4.0,5.0,4,3,100.0,100.0,100.0,0,1,0,1,0,0,0,0,0,0,5,0,1,2,2,2,0,0,0,1,2,0,0,0,finance_accounting_skills,1,2
0,Paul,0,5359,1,30,0.0,0.0,0,0,0.0,0.0,0.0,0,0,1,1,0,0,0,0,0,0,0,1,0,4,0,0,0,0,0,1,0,0,0,0,finance_accounting_skills,1,4
0,Kelsie,1,7529,0,25,0.0,0.0,0,0,0.0,0.0,0.0,0,1,1,1,0,1,0,0,0,0,0,1,0,4,1,0,0,0,0,2,0,0,0,0,finance_accounting_skills,1,4
0,Newton,0,7353,2,40,0.0,0.0,0,0,0.0,0.0,0.0,0,0,0,0,0,0,0,0,0,0,0,1,0,2,0,0,0,0,0,0,0,0,0,0,finance_accounting_skills,1,2
0,Irina,1,4585,5,45,0.0,0.0,0,0,0.0,0.0,0.0,0,0,1,1,0,0,0,0,0,0,0,3,2,6,1,4,0,0,1,0,2,0,1,0,finance_accounting_skills,1,6
0,Jenna,1,7478,3,70,0.0,0.0,0,0,0.0,0.0,0.0,0,0,0,1,0,0,0,0,0,0,0,0,0,8,0,2,0,0,0,1,0,0,0,0,finance_accounting_skills,1,8
0,Shazeen,1,7496,2,20,0.0,0.0,0,0,0.0,0.0,0.0,0,0,1,0,0,0,0,0,0,0,0,0,0,1,0,0,0,0,0,0,0,0,0,0,finance_accounting_skills,1,1
0,Priyanka,1,7492,1,45,0.0,0.0,0,0,0.0,0.0,0.0,0,0,0,1,0,0,0,0,0,0,0,0,0,10,0,0,0,0,0,0,0,0,0,0,finance_accounting_skills,1,10
0,Crystal,1,7398,5,50,0.0,0.0,0,0,0.0,0.0,0.0,0,0,0,1,0,0,0,0,0,0,0,1,0,13,1,0,0,0,1,0,0,0,0,0,finance_accounting_skills,1,13
0,Andrea,1,7307,1,50,0.0,0.0,0,0,0.0,0.0,0.0,0,1,1,1,0,0,0,0,0,0,0,1,0,2,0,0,0,0,0,0,0,0,0,0,finance_accounting_skills,1,2
0,Nikita,0,7419,2,20,0.0,0.0,0,0,0.0,0.0,0.0,0,0,0,0,0,0,0,0,0,0,0,0,0,4,0,0,0,0,0,0,0,0,0,0,finance_accounting_skills,1,4
0,Echo,1,7504,1,35,0.0,0.0,0,0,0.0,0.0,0.0,0,0,1,0,0,0,0,0,0,0,0,1,0,6,0,3,0,0,0,1,0,0,0,0,finance_accounting_skills,1,6
0,Hyunjoo,1,7527,1,60,0.0,0.0,0,0,0.0,0.0,0.0,0,0,1,0,0,0,0,0,0,0,0,0,0,8,0,1,0,0,0,2,0,0,0,0,finance_accounting_skills,1,8
0,Daniel,0,7296,1,25,0.0,0.0,0,0,0.0,0.0,0.0,0,0,0,0,0,1,0,0,0,0,0,1,0,9,0,3,0,0,0,1,0,0,0,0,finance_accounting_skills,1,9
0,Vladislav,0,6767,1,50,0.0,0.0,0,0,0.0,0.0,0.0,0,1,0,1,0,1,0,0,0,0,0,0,0,7,1,1,0,0,0,1,0,0,0,0,finance_accounting_skills,1,7
0,Angolia,1,7505,0,15,0.0,0.0,0,0,0.0,0.0,0.0,0,0,0,1,0,0,0,0,0,0,0,0,0,3,0,0,0,0,0,0,0,0,0,0,finance_accounting_skills,1,3
0,Keisha,1,7358,5,65,0.0,0.0,0,0,0.0,0.0,0.0,0,0,0,1,0,0,0,0,0,0,0,2,0,9,2,2,0,0,2,3,0,0,0,0,finance_accounting_skills,1,9
0,Magdalena,1,7571,1,30,0.0,0.0,0,0,0.0,0.0,0.0,0,0,0,1,0,1,0,0,0,0,0,0,0,4,0,0,0,0,0,0,0,0,0,0,finance_accounting_skills,1,4
0,Iveel,0,6695,4,30,0.0,0.0,0,0,0.0,0.0,0.0,0,1,1,1,0,0,0,0,0,0,0,0,0,5,0,1,0,0,0,0,0,0,0,0,finance_accounting_skills,1,5
0,Quinton,0,7471,5,62,0.0,0.0,0,0,0.0,0.0,0.0,0,0,0,1,0,0,0,0,0,0,0,0,0,5,0,1,0,0,0,0,0,0,0,0,finance_accounting_skills,1,5
0,Joseph,0,6947,5,100,0.0,0.0,0,0,0.0,0.0,0.0,0,0,0,1,0,1,0,0,0,0,0,0,0,7,0,2,0,0,0,0,0,0,0,0,finance_accounting_skills,1,7
0,Jaemin,0,7403,4,100,0.0,0.0,0,0,0.0,0.0,0.0,0,0,0,1,0,0,0,0,0,0,0,0,0,2,0,0,0,0,0,1,0,0,0,0,finance_accounting_skills,1,2
0,Coleen,1,7354,2,20,0.0,0.0,0,0,0.0,0.0,0.0,0,0,0,0,0,0,0,0,0,0,0,0,0,1,0,0,0,0,0,0,0,0,0,0,finance_accounting_skills,1,1
0,Tj,0,7539,5,40,0.0,0.0,0,0,0.0,0.0,0.0,0,0,0,1,0,0,0,0,0,0,0,0,0,3,0,0,0,0,0,0,0,0,0,0,finance_accounting_skills,1,3
0,Kendrah,1,6244,2,45,0.0,0.0,0,0,0.0,0.0,0.0,0,0,1,1,0,0,0,0,0,0,0,2,0,6,1,1,0,0,0,2,1,0,0,0,finance_accounting_skills,1,6
0,Kendra,1,7061,1,35,0.0,0.0,0,0,0.0,0.0,0.0,0,0,1,1,0,1,0,0,0,0,0,2,0,9,2,4,0,0,2,1,0,0,0,0,finance_accounting_skills,1,9
0,Kevin,0,7377,1,50,0.0,0.0,0,0,0.0,0.0,0.0,0,0,0,1,0,1,0,0,0,0,0,4,0,8,0,0,0,0,0,0,0,0,0,0,finance_accounting_skills,1,8
0,Asantha,0,7557,0,5,0.0,0.0,0,0,0.0,0.0,0.0,0,0,0,1,0,1,0,0,0,0,0,5,0,6,0,0,0,0,1,0,0,0,0,0,finance_accounting_skills,1,6
0,forrestjblodgett,0,5599,0,10,0.0,0.0,0,0,0.0,0.0,0.0,0,0,0,0,0,0,0,0,0,0,0,5,1,6,0,5,0,0,0,3,0,0,0,0,finance_accounting_skills,1,6
0,Ashlee,1,7414,4,50,0.0,0.0,0,0,0.0,0.0,0.0,0,1,1,1,0,0,0,0,0,0,0,0,0,10,0,1,0,0,1,1,0,0,0,0,finance_accounting_skills,1,10
0,Brennon,0,5388,0,65,0.0,0.0,0,0,0.0,0.0,0.0,0,0,1,1,0,0,0,0,0,0,0,0,0,6,0,4,0,0,0,2,0,0,0,0,finance_accounting_skills,1,6
0,Angela,1,4347,3,15,0.0,0.0,0,0,0.0,0.0,0.0,0,0,0,1,0,1,0,0,0,0,0,0,0,3,0,0,0,0,0,1,0,0,0,0,finance_accounting_skills,1,3
0,Melissa,1,7541,0,75,0.0,0.0,0,0,0.0,0.0,0.0,0,0,0,1,0,0,0,0,0,0,0,0,0,6,1,5,0,0,0,0,0,0,0,0,finance_accounting_skills,1,6
0,Robert,0,6950,0,25,0.0,0.0,0,0,0.0,0.0,0.0,0,0,1,1,0,0,0,0,0,0,0,0,0,5,0,3,0,0,0,0,0,0,0,0,finance_accounting_skills,1,5
0,Jessica,1,7443,2,50,0.0,0.0,0,0,0.0,0.0,0.0,0,0,0,1,0,0,0,0,0,0,0,0,0,4,0,0,0,0,0,2,0,0,0,0,finance_accounting_skills,1,4
0,Michael,0,7432,0,35,0.0,0.0,0,0,0.0,0.0,0.0,0,0,0,0,0,0,0,0,0,0,0,0,0,2,0,0,0,0,0,0,0,0,0,0,finance_accounting_skills,1,2
0,Patrick,0,7528,1,35,0.0,0.0,0,0,0.0,0.0,0.0,0,0,1,0,0,0,0,0,0,0,0,0,0,3,0,0,0,0,0,0,0,0,0,0,finance_accounting_skills,1,3
0,Patrick,0,7332,1,35,0.0,0.0,0,0,0.0,0.0,0.0,0,0,0,1,0,0,0,0,0,0,0,0,0,1,0,0,0,0,0,0,0,0,0,0,finance_accounting_skills,1,1
0,Tatiana,1,7345,3,17,0.0,0.0,0,0,0.0,0.0,0.0,0,0,0,0,0,0,0,0,0,0,0,3,0,8,1,2,0,0,1,1,0,0,0,0,finance_accounting_skills,1,8
0,Heeseon,1,6603,0,30,0.0,0.0,0,0,0.0,0.0,0.0,0,0,0,0,0,0,0,0,0,0,1,0,0,2,0,1,0,0,1,2,0,0,0,0,finance_accounting_skills,1,2
0,Randi,1,7388,1,65,0.0,0.0,0,0,0.0,0.0,0.0,0,0,0,0,0,0,0,0,0,0,0,0,0,4,0,0,0,0,0,0,0,0,0,0,finance_accounting_skills,1,4
0,Azadeh,1,7563,2,45,0.0,0.0,0,0,0.0,0.0,0.0,0,0,0,0,0,0,0,0,0,0,0,0,0,3,1,0,0,0,1,1,0,0,0,0,finance_accounting_skills,1,3
0,Javier,0,7333,5,44,0.0,0.0,0,0,0.0,0.0,0.0,0,0,0,1,0,0,0,0,0,0,0,0,0,4,0,2,0,0,0,0,0,0,0,0,finance_accounting_skills,1,4
0,Austin,0,7459,2,25,0.0,0.0,0,0,0.0,0.0,0.0,0,0,0,1,0,0,0,0,0,0,0,0,0,4,0,0,0,0,0,0,0,0,0,0,finance_accounting_skills,1,4
0,Robin,0,7550,0,35,0.0,0.0,0,0,0.0,0.0,0.0,0,0,0,0,0,1,0,0,0,0,0,0,0,1,0,0,0,0,0,0,0,0,0,0,finance_accounting_skills,1,1
0,Maeden,1,7308,1,30,0.0,0.0,0,0,0.0,0.0,0.0,0,0,0,1,0,0,0,0,0,0,0,2,0,4,0,0,0,0,0,0,0,0,0,0,finance_accounting_skills,1,4
0,Eshantee,0,7419,1,25,0.0,0.0,0,0,0.0,0.0,0.0,0,0,0,0,0,0,0,0,0,0,0,0,0,1,0,0,0,0,0,0,0,0,0,0,finance_accounting_skills,1,1
0,Abed,0,6290,5,20,0.0,0.0,0,0,0.0,0.0,0.0,0,0,0,1,0,1,0,0,0,0,0,1,0,6,1,3,0,0,1,2,1,0,0,0,finance_accounting_skills,1,6
0,Chinonso,0,7359,2,55,0.0,0.0,0,0,0.0,0.0,0.0,0,0,1,0,0,0,0,0,0,0,0,0,0,5,0,1,0,0,0,1,0,0,0,0,finance_accounting_skills,1,5
0,Christopher,0,5442,0,325,0.0,0.0,0,0,0.0,0.0,0.0,0,1,1,1,0,0,0,0,0,0,0,0,0,5,0,0,0,0,0,0,0,0,0,0,finance_accounting_skills,1,5
0,Laura,1,6496,0,30,0.0,0.0,0,0,0.0,0.0,0.0,0,0,0,1,0,0,0,0,0,0,0,0,0,1,0,0,0,0,0,0,0,0,0,0,finance_accounting_skills,1,1
0,Anastasia,1,7448,1,55,0.0,0.0,0,0,0.0,0.0,0.0,0,0,0,1,0,0,0,0,0,0,0,0,0,2,0,0,0,0,0,0,0,0,0,0,finance_accounting_skills,1,2
0,Alejandro,0,5367,2,25,0.0,0.0,0,0,0.0,0.0,0.0,0,0,1,1,0,0,0,0,0,0,0,3,0,4,0,1,0,0,0,0,1,0,0,0,finance_accounting_skills,1,4
0,Chrissy,1,7518,1,20,0.0,0.0,0,0,0.0,0.0,0.0,0,0,0,1,0,0,0,0,0,0,0,0,0,1,0,0,0,0,0,0,0,0,0,0,finance_accounting_skills,1,1
0,Kelli,1,7498,2,40,0.0,0.0,0,0,0.0,0.0,0.0,0,0,1,1,0,0,0,0,0,0,0,0,0,7,0,0,0,0,0,0,0,0,0,0,finance_accounting_skills,1,7
0,David,0,4574,3,25,4.4,5.0,17,3,95.0,100.0,100.0,0,0,1,1,0,1,0,0,0,0,0,6,0,4,0,6,0,2,0,0,2,2,1,0,finance_accounting_skills,1,4
0,Pallavi,1,6328,5,25,0.0,0.0,0,0,0.0,0.0,0.0,0,0,0,1,0,0,0,0,0,0,1,2,1,7,2,2,0,1,0,1,0,0,0,0,finance_accounting_skills,1,7
0,Abbey,1,6744,1,50,0.0,0.0,0,0,0.0,0.0,0.0,0,0,0,1,0,0,0,0,0,0,0,1,0,9,1,2,0,0,0,0,0,0,0,0,finance_accounting_skills,1,9
0,Mussie,0,4980,0,2,0.0,0.0,0,0,0.0,0.0,0.0,0,0,1,1,0,1,0,0,0,0,0,0,0,2,0,1,0,0,0,0,0,0,0,0,finance_accounting_skills,1,2
0,Melissa,1,7370,4,25,0.0,0.0,0,0,0.0,0.0,0.0,0,0,1,0,0,0,0,0,0,0,0,0,0,8,0,0,0,0,0,1,0,0,0,0,finance_accounting_skills,1,8
0,Kylie,1,7350,1,30,0.0,0.0,0,0,0.0,0.0,0.0,0,0,1,1,0,0,0,0,0,0,0,2,0,3,0,0,0,0,0,1,0,0,0,0,finance_accounting_skills,1,3
0,Jeffrey,0,7088,2,40,0.0,0.0,0,0,0.0,0.0,0.0,0,0,0,1,0,0,0,0,0,0,0,0,0,3,0,0,0,0,0,0,0,0,0,0,finance_accounting_skills,1,3
0,Carrie,1,6767,5,20,0.0,0.0,0,0,0.0,0.0,0.0,0,0,1,1,0,0,0,0,0,0,0,1,0,8,1,4,0,0,1,5,0,0,0,0,finance_accounting_skills,1,8
0,Michael,0,6966,0,35,0.0,0.0,0,0,0.0,0.0,0.0,0,0,1,1,0,0,0,0,0,0,0,0,0,10,1,4,0,0,0,1,0,0,0,0,finance_accounting_skills,1,10
0,Soodong,0,7509,5,65,0.0,0.0,0,0,0.0,0.0,0.0,0,0,0,0,0,0,0,0,0,0,0,0,0,5,0,0,0,0,0,0,0,0,0,0,finance_accounting_skills,1,5
0,Cassaundra,1,6596,2,30,0.0,0.0,0,0,0.0,0.0,0.0,0,0,1,1,0,1,0,0,0,0,0,0,0,6,0,2,0,0,1,0,0,0,0,0,finance_accounting_skills,1,6
0,Steven,0,7464,3,50,0.0,0.0,0,0,0.0,0.0,0.0,0,0,0,0,0,0,0,0,0,0,0,1,0,6,2,2,0,0,0,2,0,0,0,0,finance_accounting_skills,1,6
0,Christopher,0,7420,5,20,0.0,0.0,0,0,0.0,0.0,0.0,0,0,1,0,0,0,0,0,0,0,0,0,0,1,0,0,0,0,0,0,0,0,0,0,finance_accounting_skills,1,1
0,Faisal,0,6770,2,20,0.0,0.0,0,0,0.0,0.0,0.0,0,0,1,1,0,0,0,0,0,0,0,2,0,3,0,1,0,1,0,0,0,0,0,0,finance_accounting_skills,1,3
0,Marily,1,7452,1,15,0.0,0.0,0,0,0.0,0.0,0.0,0,0,1,1,0,0,0,0,0,0,0,0,0,3,0,0,0,0,0,0,0,0,0,0,finance_accounting_skills,1,3
0,Tulsi,0,6251,4,14,0.0,0.0,0,0,0.0,0.0,0.0,0,0,0,1,0,0,0,0,0,0,0,3,0,5,0,0,0,0,0,2,0,0,0,0,finance_accounting_skills,1,5
0,Kevin,0,7449,5,50,0.0,0.0,0,0,0.0,0.0,0.0,0,0,1,1,0,0,0,0,0,0,0,0,0,4,0,0,0,0,0,0,0,0,0,0,finance_accounting_skills,1,4
0,Ronalyn,1,6192,0,20,0.0,0.0,0,0,0.0,0.0,0.0,0,1,0,1,0,0,0,0,0,0,0,2,0,3,0,0,0,0,0,0,0,0,0,0,finance_accounting_skills,1,3
0,Brieanna,1,7484,5,55,0.0,0.0,0,0,0.0,0.0,0.0,0,0,1,1,0,1,0,0,0,0,0,0,0,2,0,0,0,0,0,0,1,0,0,0,finance_accounting_skills,1,2
3,Ken,0,6873,1,50,0.0,0.0,0,0,0.0,0.0,0.0,0,0,1,1,0,0,0,0,0,1,1,4,0,6,2,3,0,0,0,2,0,0,0,0,finance_accounting_skills,1,6
3,Katarzyna,1,5353,1,25,0.0,0.0,0,0,0.0,0.0,0.0,0,1,1,1,0,1,1,0,0,0,0,2,0,3,0,0,0,0,0,1,1,0,0,0,finance_accounting_skills,1,3
3,Taryn,1,7262,4,30,0.0,0.0,0,0,0.0,0.0,0.0,0,0,1,1,0,0,1,0,0,0,0,4,0,5,1,1,0,0,0,0,0,0,0,0,finance_accounting_skills,1,5
3,Joan,1,5387,0,35,0.0,0.0,0,0,0.0,0.0,0.0,0,0,0,1,0,1,0,0,0,0,0,2,0,3,0,0,0,0,0,0,1,0,0,0,finance_accounting_skills,1,3
3,Shihui,1,6226,0,40,0.0,0.0,0,0,0.0,0.0,0.0,0,1,1,1,0,1,0,0,0,0,0,2,0,4,0,3,0,0,0,1,0,0,0,0,finance_accounting_skills,1,4
3,Tiffany,1,6518,1,15,0.0,0.0,0,0,0.0,0.0,0.0,0,0,0,1,0,1,0,0,0,0,0,0,0,1,0,0,0,0,0,0,0,0,0,0,finance_accounting_skills,1,1
3,Joe,0,7168,1,25,0.0,0.0,0,0,0.0,0.0,0.0,0,0,1,1,0,1,0,0,0,0,0,0,0,2,0,0,0,0,0,0,0,0,0,0,finance_accounting_skills,1,2
3,Brieanna,1,7484,5,55,0.0,0.0,0,0,0.0,0.0,0.0,0,0,1,1,0,1,0,0,0,0,0,0,0,2,0,0,0,0,0,0,1,0,0,0,finance_accounting_skills,1,2
3,Syedris,0,6241,2,10,0.0,0.0,0,0,0.0,0.0,0.0,0,0,0,1,0,0,0,0,0,0,0,2,5,7,1,4,0,2,0,1,0,0,0,0,finance_accounting_skills,1,7
3,Ethel,1,6981,4,75,0.0,0.0,0,0,0.0,0.0,0.0,0,1,1,1,0,1,0,0,0,0,0,0,0,10,1,3,0,0,0,1,0,0,0,0,finance_accounting_skills,1,10
3,Heather,1,7298,2,30,0.0,0.0,0,0,0.0,0.0,0.0,0,0,1,1,0,1,0,0,0,0,2,2,0,7,0,3,0,0,2,1,0,0,1,0,finance_accounting_skills,1,7
3,Paul,0,7327,2,10,0.0,0.0,0,0,0.0,0.0,0.0,0,0,0,1,0,0,0,0,0,0,0,3,0,4,0,1,0,0,0,1,0,0,0,0,finance_accounting_skills,1,4
3,Khalid,0,7313,1,25,0.0,0.0,0,0,0.0,0.0,0.0,0,0,0,1,0,1,0,0,0,0,0,0,0,3,0,0,0,0,0,0,0,0,0,0,finance_accounting_skills,1,3
3,Deandre,0,7563,1,20,0.0,0.0,0,0,0.0,0.0,0.0,0,0,0,1,0,0,0,0,0,2,1,1,0,2,3,0,0,0,1,2,0,0,0,0,finance_accounting_skills,1,2
3,Johny,0,7406,1,50,0.0,0.0,0,0,0.0,0.0,0.0,0,0,0,1,0,0,0,0,0,0,0,0,0,3,0,0,0,0,0,0,0,0,0,0,finance_accounting_skills,1,3
3,Adriana,1,7510,0,20,0.0,0.0,0,0,0.0,0.0,0.0,0,0,0,1,0,1,0,0,0,0,0,1,0,5,2,2,0,0,1,3,0,0,0,0,finance_accounting_skills,1,5
3,Agustina,1,7398,1,40,0.0,0.0,0,0,0.0,0.0,0.0,0,0,1,0,0,1,0,0,0,0,0,1,1,8,2,0,0,0,0,2,0,0,0,0,finance_accounting_skills,1,8
3,Fernando,0,5702,5,2,0.0,0.0,0,0,0.0,0.0,0.0,0,0,1,1,0,0,0,0,0,0,0,3,0,4,0,1,0,1,0,0,0,0,0,0,finance_accounting_skills,1,4
3,Freddy,0,7380,5,20,0.0,0.0,0,0,0.0,0.0,0.0,0,0,1,1,0,0,0,0,0,0,0,0,0,5,0,0,0,0,0,1,0,0,0,0,finance_accounting_skills,1,5
3,Austin,0,7314,3,5,0.0,0.0,0,0,0.0,0.0,0.0,0,1,1,1,0,1,0,0,0,0,0,0,0,7,0,0,0,0,0,1,0,0,0,0,finance_accounting_skills,1,7
3,Wanda,1,6681,2,40,0.0,0.0,0,0,0.0,0.0,0.0,0,0,1,1,0,0,0,0,0,0,0,0,0,6,0,0,0,0,0,0,0,0,0,0,finance_accounting_skills,1,6
3,Kendra,1,7061,1,35,0.0,0.0,0,0,0.0,0.0,0.0,0,0,1,1,0,1,0,0,0,0,0,2,0,9,2,4,0,0,2,1,0,0,0,0,finance_accounting_skills,1,9
3,Troy,0,7454,1,30,0.0,0.0,0,0,0.0,0.0,0.0,0,0,1,1,0,0,0,0,0,0,0,0,0,2,0,0,0,0,0,0,0,0,0,0,finance_accounting_skills,1,2
3,Hannah,1,7448,2,30,0.0,0.0,0,0,0.0,0.0,0.0,0,0,1,1,0,1,0,0,0,0,0,0,0,1,0,0,0,0,0,0,0,0,0,0,finance_accounting_skills,1,1
3,Brad,0,6849,0,200,0.0,0.0,0,0,0.0,0.0,0.0,0,0,0,1,0,1,0,0,0,0,0,1,0,6,1,0,0,0,0,0,0,0,0,0,finance_accounting_skills,1,6
3,Megan,1,7476,0,25,0.0,0.0,0,0,0.0,0.0,0.0,0,1,1,1,0,0,0,0,0,0,0,0,0,1,0,0,0,0,0,0,0,0,0,0,finance_accounting_skills,1,1
3,Firoz,0,7475,2,45,0.0,0.0,0,0,0.0,0.0,0.0,0,0,0,1,0,0,0,0,0,0,0,1,0,5,0,0,0,1,1,1,0,0,0,0,finance_accounting_skills,1,5
3,Timothy,0,4632,4,60,0.0,0.0,0,0,0.0,0.0,0.0,0,1,1,1,0,1,0,0,0,0,0,2,0,3,0,2,0,0,0,0,1,0,2,0,finance_accounting_skills,1,3
